km_stimati;dir;nome;comune_riferimento;lat_stimata;lon_stimata;coord_fonte;affidabilita_coord;presenza_nel_tuo_elenco;stato_iter;nota;fonte
3.2;NE;Connessione da verificare - ECO-ENERGY srl PAUR 82 agrivoltaico+accumulo;Castagnaro;45.1205;11.4108;CENTROIDE COMUNALE - NON usare per progettazione;BASSA;NON nel tuo elenco;PAUR 82 in verifica;SUL TUO STESSO BLOCCO: Castagnaro, Ceneselli, Giacciano, Villa Bartolomea;Regione Veneto PAUR 82
9.2;SO;Opere connessione RTN - Castelnovo Solar CASTELNOVO B. 15,03 MWp;Castelnovo Bariano;45.03;11.32;CENTROIDE COMUNALE - NON usare per progettazione;BASSA;NON nel tuo elenco;in iter;comuni: Castelnuovo Bariano, Ceneselli, Giacciano, Trecenta, Bagnolo;va.mite.gov.it (VIA)
9.4;S;Nuova SE 132/36 kV doppia sbarra - Ceneselli-PV001 53,65 MWp;Ceneselli;45.0137;11.3692;CENTROIDE COMUNALE - NON usare per progettazione;BASSA;NON nel tuo elenco;in iter MASE;entra-esce su 132 kV Castelmassa-Lendinara e Bussolengo S.S.-Portale SEF;va.mite.gov.it/it-IT/Oggetti/Info/11557
9.5;SE;Nuova SE 132 kV - opere connessione FV Trecenta 19,89 MW;Trecenta;45.03;11.462;CENTROIDE COMUNALE - NON usare per progettazione;BASSA;VIP 8374 (gia' nel tuo elenco);in iter MASE;entra-esce su 132 kV Castelmassa-Lendinara;va.mite.gov.it/it-IT/Oggetti/Info/8374
9.5;SE;Nuova SE 132 kV doppia sbarra - PVEXO Cassiopea 54 MW AC;Trecenta;45.03;11.462;CENTROIDE COMUNALE - NON usare per progettazione;BASSA;NON nel tuo elenco;STMG Terna rilasciata;entra-esce su 132 kV Castelmassa-Lendinara;va.mite.gov.it (VIA Trecenta)
9.5;SE;Opere connessione RTN - AIEM Green 41,07 MWp;Trecenta;45.03;11.462;CENTROIDE COMUNALE - NON usare per progettazione;BASSA;NON nel tuo elenco;in iter;comuni: Bagnolo di Po, Salara, Canda, Badia Polesine, Giacciano, Ceneselli;va.mite.gov.it (VIA Trecenta)
17.2;SE;Opere connessione RTN - ICA Solar Gaiba ovest+est 46 MWp / 45 MW storage;Gaiba;44.965;11.5;CENTROIDE COMUNALE - NON usare per progettazione;BASSA;NON nel tuo elenco;in iter;comuni: Gaiba, Ficarolo, Bagnolo di Po, Trecenta, Salara;va.mite.gov.it (VIA)
31.8;E;SE smistamento Terna 132 kV + SSE Agrovoltaica Srl 49 MWp;Rovigo;45.07;11.79;CENTROIDE COMUNALE - NON usare per progettazione;BASSA;NON nel tuo elenco;AUTORIZZATA DGR 1499 del 04/12/2023;stazione utente su SE smistamento Terna 132 kV;BUR Regione Veneto DGR 1499/2023
31.8;E;SE Terna adiacente - Agrovoltaico Avanzato Rovigo 47,44 MWp;Rovigo;45.07;11.79;CENTROIDE COMUNALE - NON usare per progettazione;BASSA;NON nel tuo elenco;in iter MASE;SE Terna + SSE + area BESS adiacenti all'impianto;va.mite.gov.it (VIA Rovigo)
